﻿<?xml version="1.0" encoding="utf-8" ?>
<control xmlns:def="Definition" xmlns="http://schemas.sitecore.net/Visual-Studio-Intellisense">
	<FieldSuiteEditForm>
		<FormPage>
			<CodeBeside Type="FieldSuite.Xaml.FieldSuiteEditForm,FieldSuite"/>
			<Stylesheet Src="/sitecore/shell/themes/standard/Internet Explorer/default.css"/>
			<Stylesheet Src="/sitecore/shell/themes/standard/default/Content Manager.css"/>
			<Stylesheet Src="/sitecore/shell/themes/standard/Internet Explorer/Content Manager.css"/>
			<Stylesheet Src="/sitecore modules/shell/field suite/styles/fieldsuite.fields.css"/>
			<Stylesheet Src="/sitecore modules/shell/field suite/styles/fieldsuite.fields.images.css"/>
			<Stylesheet Src="/sitecore modules/shell/field suite/styles/fieldsuite.fields.droplink.css"/>
			<Stylesheet Src="/sitecore modules/shell/field suite/styles/fieldsuite.fields.treelist.css"/>
			<Stylesheet Src="/sitecore modules/shell/field suite/styles/fieldsuite.fields.generallinks.css"/>

			<Script Src="/sitecore/shell/Applications/Content Manager/Content Editor.js" Type="text/javascript" />
			<Script Src="/sitecore/shell/Controls/TreeviewEx/TreeviewEx.js" Type="text/javascript"/>

			<Script Type="text/JavaScript" Src="/sitecore/shell/controls/SitecoreObjects.js"/>
			<Script Type="text/JavaScript" Src="/sitecore/shell/controls/SitecoreKeyboard.js"/>
			<Script Type="text/JavaScript" Src="/sitecore/shell/controls/SitecoreModifiedHandling.js"/>
			<Script Type="text/JavaScript" Src="/sitecore/shell/controls/SitecoreVSplitter.js"/>
			<Script Type="text/JavaScript" Src="/sitecore/shell/controls/SitecoreWindow.js"/>
			
			<!-- Removed due to a freezing issue when having firebug open in the Firefox browser -->
			<!--<Script Type="text/JavaScript" Src="/sitecore/shell/Applications/Content Manager/Content Editor.js"/>-->

			<Script Type="text/JavaScript" Src="/sitecore/shell/Controls/Lib/Scriptaculous/Scriptaculous.js"/>
			<Script Type="text/JavaScript" Src="/sitecore/shell/Controls/Lib/Scriptaculous/Effects.js"/>
			<Script Type="text/JavaScript" Src="/sitecore/shell/Controls/Lib/Scriptaculous/DragDrop.js"/>
			<Script Type="text/JavaScript" Src="/sitecore/shell/Controls/Lib/jQuery/jquery.noconflict.js"/>

			<Script Type="text/JavaScript" Src="/sitecore modules/shell/field suite/scripts/fieldsuite.fields.js"/>
			<Script Type="text/JavaScript" Src="/sitecore modules/shell/field suite/scripts/fieldsuite.html.js"/>
			<Script Type="text/JavaScript" Src="/sitecore modules/shell/field suite/scripts/fieldsuite.fields.images.js"/>
			<Script Type="text/JavaScript" Src="/sitecore modules/shell/field suite/scripts/fieldsuite.fields.droplink.js"/>
			<Script Type="text/JavaScript" Src="/sitecore modules/shell/field suite/scripts/fieldsuite.fields.droptree.js"/>
			<Script Type="text/JavaScript" Src="/sitecore modules/shell/field suite/scripts/fieldsuite.fields.treelist.js"/>
			<Script Type="text/JavaScript" Src="/sitecore modules/shell/field suite/scripts/fieldsuite.fields.generallinks.js"/>

			<Stylesheet>
				form { background: none repeat scroll 0 0 #F0F1F2;}
				.scEditor
				{
					height:500px;
					overflow-y:scroll;
				}
			</Stylesheet>
			
			<input type="hidden" id="scValidatorsUpdateDelay" name="scValidatorsUpdateDelay" value="750"/>
			<input type="hidden" id="scHasValidators" name="scHasValidators" value="1"/>
			
			<GridPanel Cellpadding="0" Width="100%">
				<!-- Manual toolbar. Use AutoToolbar to generate tool buttons from the Sitecore items -->
				<Toolbar>
					<Toolbutton style="float:right;padding-left:5px;" Header="Close" Icon="/sitecore modules/shell/field suite/images/exit.png" Click="local:close" />
					<Toolbutton style="float:right;padding-left:5px;" ID="saveButton" Header="Save" Icon="/sitecore modules/shell/field suite/images/accept16x16.png" Click="local:save" />
					<Border align="Left" class="titleBorder">
						<Literal Text="Edit Form" class="titleText"/>
					</Border>
				</Toolbar>
			</GridPanel>

			<!-- Main region, containing Treeview and Listview controls -->
			<Panel ID="contentPanel">
				<!-- Field for the Sections -->
				<input name="scSections" id="scSections" type="hidden"/>
				<Border ID="ContentEditor" runat="server" Class="scEditor"/>
			</Panel>
		</FormPage>
	</FieldSuiteEditForm>
</control>